{
  "confusion_matrix": [
    [
      44,
      0
    ],
    [
      1,
      14
    ]
  ],
  "classification_report": {
    "0": {
      "precision": 0.9777777777777777,
      "recall": 1.0,
      "f1-score": 0.9887640449438202,
      "support": 44.0
    },
    "1": {
      "precision": 1.0,
      "recall": 0.9333333333333333,
      "f1-score": 0.9655172413793104,
      "support": 15.0
    },
    "accuracy": 0.9830508474576272,
    "macro avg": {
      "precision": 0.9888888888888889,
      "recall": 0.9666666666666667,
      "f1-score": 0.9771406431615652,
      "support": 59.0
    },
    "weighted avg": {
      "precision": 0.983427495291902,
      "recall": 0.9830508474576272,
      "f1-score": 0.9828538406477585,
      "support": 59.0
    }
  },
  "accuracy": 0.9830508474576272,
  "total_samples": 59,
  "stars_count": 15,
  "non_stars_count": 44
}