{
  "confusion_matrix": [
    [
      45,
      0
    ],
    [
      3,
      12
    ]
  ],
  "classification_report": {
    "0": {
      "precision": 0.9375,
      "recall": 1.0,
      "f1-score": 0.967741935483871,
      "support": 45.0
    },
    "1": {
      "precision": 1.0,
      "recall": 0.8,
      "f1-score": 0.8888888888888888,
      "support": 15.0
    },
    "accuracy": 0.95,
    "macro avg": {
      "precision": 0.96875,
      "recall": 0.9,
      "f1-score": 0.9283154121863799,
      "support": 60.0
    },
    "weighted avg": {
      "precision": 0.953125,
      "recall": 0.95,
      "f1-score": 0.9480286738351253,
      "support": 60.0
    }
  },
  "accuracy": 0.95,
  "total_samples": 60,
  "stars_count": 15,
  "non_stars_count": 45
}