{
  "confusion_matrix": [
    [
      19,
      2
    ],
    [
      0,
      7
    ]
  ],
  "classification_report": {
    "0": {
      "precision": 1.0,
      "recall": 0.9047619047619048,
      "f1-score": 0.95,
      "support": 21.0
    },
    "1": {
      "precision": 0.7777777777777778,
      "recall": 1.0,
      "f1-score": 0.875,
      "support": 7.0
    },
    "accuracy": 0.9285714285714286,
    "macro avg": {
      "precision": 0.8888888888888888,
      "recall": 0.9523809523809523,
      "f1-score": 0.9125,
      "support": 28.0
    },
    "weighted avg": {
      "precision": 0.9444444444444444,
      "recall": 0.9285714285714286,
      "f1-score": 0.93125,
      "support": 28.0
    }
  },
  "accuracy": 0.9285714285714286,
  "total_samples": 28,
  "stars_count": 7,
  "non_stars_count": 21
}