{
  "confusion_matrix": [
    [
      45,
      0
    ],
    [
      1,
      14
    ]
  ],
  "classification_report": {
    "0": {
      "precision": 0.9782608695652174,
      "recall": 1.0,
      "f1-score": 0.989010989010989,
      "support": 45.0
    },
    "1": {
      "precision": 1.0,
      "recall": 0.9333333333333333,
      "f1-score": 0.9655172413793104,
      "support": 15.0
    },
    "accuracy": 0.9833333333333333,
    "macro avg": {
      "precision": 0.9891304347826086,
      "recall": 0.9666666666666667,
      "f1-score": 0.9772641151951498,
      "support": 60.0
    },
    "weighted avg": {
      "precision": 0.983695652173913,
      "recall": 0.9833333333333333,
      "f1-score": 0.9831375521030695,
      "support": 60.0
    }
  },
  "accuracy": 0.9833333333333333,
  "total_samples": 60,
  "stars_count": 15,
  "non_stars_count": 45
}