{
  "confusion_matrix": [
    [
      43,
      0
    ],
    [
      3,
      11
    ]
  ],
  "classification_report": {
    "0": {
      "precision": 0.9347826086956522,
      "recall": 1.0,
      "f1-score": 0.9662921348314607,
      "support": 43.0
    },
    "1": {
      "precision": 1.0,
      "recall": 0.7857142857142857,
      "f1-score": 0.88,
      "support": 14.0
    },
    "accuracy": 0.9473684210526315,
    "macro avg": {
      "precision": 0.9673913043478262,
      "recall": 0.8928571428571428,
      "f1-score": 0.9231460674157304,
      "support": 57.0
    },
    "weighted avg": {
      "precision": 0.9508009153318079,
      "recall": 0.9473684210526315,
      "f1-score": 0.9450975753991722,
      "support": 57.0
    }
  },
  "accuracy": 0.9473684210526315,
  "total_samples": 57,
  "stars_count": 14,
  "non_stars_count": 43
}