{
  "confusion_matrix": [
    [
      47,
      0
    ],
    [
      1,
      14
    ]
  ],
  "classification_report": {
    "0": {
      "precision": 0.9791666666666666,
      "recall": 1.0,
      "f1-score": 0.9894736842105263,
      "support": 47.0
    },
    "1": {
      "precision": 1.0,
      "recall": 0.9333333333333333,
      "f1-score": 0.9655172413793104,
      "support": 15.0
    },
    "accuracy": 0.9838709677419355,
    "macro avg": {
      "precision": 0.9895833333333333,
      "recall": 0.9666666666666667,
      "f1-score": 0.9774954627949184,
      "support": 62.0
    },
    "weighted avg": {
      "precision": 0.9842069892473118,
      "recall": 0.9838709677419355,
      "f1-score": 0.983677770622329,
      "support": 62.0
    }
  },
  "accuracy": 0.9838709677419355,
  "total_samples": 62,
  "stars_count": 15,
  "non_stars_count": 47
}