{
  "confusion_matrix": [
    [
      20,
      2
    ],
    [
      0,
      7
    ]
  ],
  "classification_report": {
    "0": {
      "precision": 1.0,
      "recall": 0.9090909090909091,
      "f1-score": 0.9523809523809523,
      "support": 22.0
    },
    "1": {
      "precision": 0.7777777777777778,
      "recall": 1.0,
      "f1-score": 0.875,
      "support": 7.0
    },
    "accuracy": 0.9310344827586207,
    "macro avg": {
      "precision": 0.8888888888888888,
      "recall": 0.9545454545454546,
      "f1-score": 0.9136904761904762,
      "support": 29.0
    },
    "weighted avg": {
      "precision": 0.946360153256705,
      "recall": 0.9310344827586207,
      "f1-score": 0.9337027914614121,
      "support": 29.0
    }
  },
  "accuracy": 0.9310344827586207,
  "total_samples": 29,
  "stars_count": 7,
  "non_stars_count": 22
}