{
  "confusion_matrix": [
    [
      43,
      1
    ],
    [
      1,
      14
    ]
  ],
  "classification_report": {
    "0": {
      "precision": 0.9772727272727273,
      "recall": 0.9772727272727273,
      "f1-score": 0.9772727272727273,
      "support": 44.0
    },
    "1": {
      "precision": 0.9333333333333333,
      "recall": 0.9333333333333333,
      "f1-score": 0.9333333333333333,
      "support": 15.0
    },
    "accuracy": 0.9661016949152542,
    "macro avg": {
      "precision": 0.9553030303030303,
      "recall": 0.9553030303030303,
      "f1-score": 0.9553030303030303,
      "support": 59.0
    },
    "weighted avg": {
      "precision": 0.9661016949152542,
      "recall": 0.9661016949152542,
      "f1-score": 0.9661016949152542,
      "support": 59.0
    }
  },
  "accuracy": 0.9661016949152542,
  "total_samples": 59,
  "stars_count": 15,
  "non_stars_count": 44
}