{
  "confusion_matrix": [
    [
      45,
      0
    ],
    [
      2,
      13
    ]
  ],
  "classification_report": {
    "0": {
      "precision": 0.9574468085106383,
      "recall": 1.0,
      "f1-score": 0.9782608695652174,
      "support": 45.0
    },
    "1": {
      "precision": 1.0,
      "recall": 0.8666666666666667,
      "f1-score": 0.9285714285714286,
      "support": 15.0
    },
    "accuracy": 0.9666666666666667,
    "macro avg": {
      "precision": 0.9787234042553192,
      "recall": 0.9333333333333333,
      "f1-score": 0.9534161490683231,
      "support": 60.0
    },
    "weighted avg": {
      "precision": 0.9680851063829787,
      "recall": 0.9666666666666667,
      "f1-score": 0.9658385093167702,
      "support": 60.0
    }
  },
  "accuracy": 0.9666666666666667,
  "total_samples": 60,
  "stars_count": 15,
  "non_stars_count": 45
}